model,id,name,type,seats,range,era,vintage,source,card,hero
"A220-100","SKY-110","Skylark 110","short","110","3400","2016","false","assets/aircraft-cards/source/a220-100.svg","assets/aircraft-cards/cards/a220-100.webp","game/assets/aircraft-heroes/a220-100.webp"
"A220-300","SKY-140","Skylark 140","short","140","3300","2018","false","assets/aircraft-cards/source/a220-300.svg","assets/aircraft-cards/cards/a220-300.webp","game/assets/aircraft-heroes/a220-300.webp"
"B737-800","MTR-162","MetroRunner 162","medium","162","3115","1998","false","assets/aircraft-cards/source/b737-800.svg","assets/aircraft-cards/cards/b737-800.webp","game/assets/aircraft-heroes/b737-800.webp"
"B737 MAX 8","MTX-178","MetroJet 178","medium","178","3550","2017","false","assets/aircraft-cards/source/b737-max-8.svg","assets/aircraft-cards/cards/b737-max-8.webp","game/assets/aircraft-heroes/b737-max-8.webp"
"B737 MAX 10","MTS-204","MetroJet Stretch 204","medium","204","3300","2022","false","assets/aircraft-cards/source/b737-max-10.svg","assets/aircraft-cards/cards/b737-max-10.webp","game/assets/aircraft-heroes/b737-max-10.webp"
"A319","CTA-128","CityArrow 128","medium","128","4200","1996","false","assets/aircraft-cards/source/a319.svg","assets/aircraft-cards/cards/a319.webp","game/assets/aircraft-heroes/a319.webp"
"A320","CTL-180","CityLink 180","medium","180","4180","1988","false","assets/aircraft-cards/source/a320.svg","assets/aircraft-cards/cards/a320.webp","game/assets/aircraft-heroes/a320.webp"
"A320neo","ECO-194","EcoLink 194","medium","194","4000","2016","false","assets/aircraft-cards/source/a320neo.svg","assets/aircraft-cards/cards/a320neo.webp","game/assets/aircraft-heroes/a320neo.webp"
"A321XLR","HLX-220","Horizon XLR 220","medium","220","5400","2024","false","assets/aircraft-cards/source/a321xlr.svg","assets/aircraft-cards/cards/a321xlr.webp","game/assets/aircraft-heroes/a321xlr.webp"
"B767-300ER","BRG-218","BridgeLiner 218","long","218","6025","1988","false","assets/aircraft-cards/source/b767-300er.svg","assets/aircraft-cards/cards/b767-300er.webp","game/assets/aircraft-heroes/b767-300er.webp"
"B787-8","NGD-242","Nightglide 242","long","242","7355","2011","false","assets/aircraft-cards/source/b787-8.svg","assets/aircraft-cards/cards/b787-8.webp","game/assets/aircraft-heroes/b787-8.webp"
"B787-9","NGD-296","Nightglide 296","long","296","7530","2014","false","assets/aircraft-cards/source/b787-9.svg","assets/aircraft-cards/cards/b787-9.webp","game/assets/aircraft-heroes/b787-9.webp"
"B787-10","NGD-336","Nightglide 336","long","336","6430","2018","false","assets/aircraft-cards/source/b787-10.svg","assets/aircraft-cards/cards/b787-10.webp","game/assets/aircraft-heroes/b787-10.webp"
"A330-300","ATL-300","Atlantic 300","long","300","6350","1994","false","assets/aircraft-cards/source/a330-300.svg","assets/aircraft-cards/cards/a330-300.webp","game/assets/aircraft-heroes/a330-300.webp"
"A330neo","ATN-310","Atlantic Neo 310","long","310","7200","2018","false","assets/aircraft-cards/source/a330neo.svg","assets/aircraft-cards/cards/a330neo.webp","game/assets/aircraft-heroes/a330neo.webp"
"A350-900","AUR-369","Aurora 369","long","369","8100","2015","false","assets/aircraft-cards/source/a350-900.svg","assets/aircraft-cards/cards/a350-900.webp","game/assets/aircraft-heroes/a350-900.webp"
"A350-1000","AUX-410","Aurora XL 410","long","410","8700","2017","false","assets/aircraft-cards/source/a350-1000.svg","assets/aircraft-cards/cards/a350-1000.webp","game/assets/aircraft-heroes/a350-1000.webp"
"B747-400","SKQ-416","SkyQueen 416","jumbo","416","7670","1989","false","assets/aircraft-cards/source/b747-400.svg","assets/aircraft-cards/cards/b747-400.webp","game/assets/aircraft-heroes/b747-400.webp"
"B747-8I","SQ8-467","SkyQueen Eight 467","jumbo","467","8000","2012","false","assets/aircraft-cards/source/b747-8i.svg","assets/aircraft-cards/cards/b747-8i.webp","game/assets/aircraft-heroes/b747-8i.webp"
"A380-800","CTD-555","CloudCitadel 555","jumbo","555","8200","2007","false","assets/aircraft-cards/source/a380-800.svg","assets/aircraft-cards/cards/a380-800.webp","game/assets/aircraft-heroes/a380-800.webp"
"B777-300ER","TTN-396","Titan 396","jumbo","396","7370","2004","false","assets/aircraft-cards/source/b777-300er.svg","assets/aircraft-cards/cards/b777-300er.webp","game/assets/aircraft-heroes/b777-300er.webp"
"B777X","TTX-426","Titan X 426","jumbo","426","8200","2025","false","assets/aircraft-cards/source/b777x.svg","assets/aircraft-cards/cards/b777x.webp","game/assets/aircraft-heroes/b777x.webp"
"Overture","CMT-080","Comet 80","supersonic","80","4250","2029","false","assets/aircraft-cards/source/overture.svg","assets/aircraft-cards/cards/overture.webp","game/assets/aircraft-heroes/overture.webp"
"B707-320B","JTA-147","JetAge 147","long","147","3735","1962","true","assets/aircraft-cards/source/b707-320b.svg","assets/aircraft-cards/cards/b707-320b.webp","game/assets/aircraft-heroes/b707-320b.webp"
"DC-8-63","SLV-220","Silverline 220","long","220","4500","1967","true","assets/aircraft-cards/source/dc-8-63.svg","assets/aircraft-cards/cards/dc-8-63.webp","game/assets/aircraft-heroes/dc-8-63.webp"
"B727-200","TRJ-155","TriJet Runner 155","medium","155","2550","1967","true","assets/aircraft-cards/source/b727-200.svg","assets/aircraft-cards/cards/b727-200.webp","game/assets/aircraft-heroes/b727-200.webp"
"DC-9-30","PKJ-105","PocketJet 105","short","105","1635","1967","true","assets/aircraft-cards/source/dc-9-30.svg","assets/aircraft-cards/cards/dc-9-30.webp","game/assets/aircraft-heroes/dc-9-30.webp"
"B737-200","RMT-120","RetroMetro 120","short","120","2300","1968","true","assets/aircraft-cards/source/b737-200.svg","assets/aircraft-cards/cards/b737-200.webp","game/assets/aircraft-heroes/b737-200.webp"
"B747-100","CQN-366","ClassicQueen 366","jumbo","366","4620","1970","true","assets/aircraft-cards/source/b747-100.svg","assets/aircraft-cards/cards/b747-100.webp","game/assets/aircraft-heroes/b747-100.webp"
"B747-200","CQ2-380","ClassicQueen 380","jumbo","380","6560","1971","true","assets/aircraft-cards/source/b747-200.svg","assets/aircraft-cards/cards/b747-200.webp","game/assets/aircraft-heroes/b747-200.webp"
"DC-10-30","TOC-270","TriOcean 270","long","270","5790","1972","true","assets/aircraft-cards/source/dc-10-30.svg","assets/aircraft-cards/cards/dc-10-30.webp","game/assets/aircraft-heroes/dc-10-30.webp"
"L-1011","STL-256","Starlift 256","long","256","4250","1972","true","assets/aircraft-cards/source/l-1011.svg","assets/aircraft-cards/cards/l-1011.webp","game/assets/aircraft-heroes/l-1011.webp"
"A300B4","EUB-247","EuroBridge 247","long","247","3300","1974","true","assets/aircraft-cards/source/a300b4.svg","assets/aircraft-cards/cards/a300b4.webp","game/assets/aircraft-heroes/a300b4.webp"
"Concorde","MCH-100","Mach Crown 100","supersonic","100","4500","1976","true","assets/aircraft-cards/source/concorde.svg","assets/aircraft-cards/cards/concorde.webp","game/assets/aircraft-heroes/concorde.webp"
"MD-80","TTL-155","T-Tail 155","medium","155","2880","1980","true","assets/aircraft-cards/source/md-80.svg","assets/aircraft-cards/cards/md-80.webp","game/assets/aircraft-heroes/md-80.webp"
"B757-200","RKT-200","RocketRoute 200","medium","200","4488","1983","true","assets/aircraft-cards/source/b757-200.svg","assets/aircraft-cards/cards/b757-200.webp","game/assets/aircraft-heroes/b757-200.webp"
"B767-200ER","BRC-181","BridgeClassic 181","long","181","6385","1984","true","assets/aircraft-cards/source/b767-200er.svg","assets/aircraft-cards/cards/b767-200er.webp","game/assets/aircraft-heroes/b767-200er.webp"
