"index","city","iata","game_path","width","height","sha256"
"1","Albuquerque","ABQ","game/assets/city-skylines/abq.webp","360","176","f579003eac7fedafa1adce02cccc6877a2f3f9a6dd1485454c93b4e7c1cc8b1f"
"2","Amarillo","AMA","game/assets/city-skylines/ama.webp","360","176","088fed5fd8976a3317f1db83e3e85cec539e390e3a66531f115b328bd6cac1bd"
"3","Anchorage","ANC","game/assets/city-skylines/anc.webp","360","176","6d4e2bb638f87ee04413a80571dc0af8d612cae2f7b5a743706dfa3891d7aa3d"
"4","Atlanta","ATL","game/assets/city-skylines/atl.webp","360","176","990e14ca1a6d87d6705817cda3cf78cce996cfc71072425a34d00b62e6cbc5d4"
"5","Baltimore","BWI","game/assets/city-skylines/bwi.webp","360","176","2a5a51b3936789435da16ed00f94b78d4e0b68ca84d30277d10dd7c5b4d025c9"
"6","Belmopan","BZE","game/assets/city-skylines/bze.webp","360","176","63e95350a612731ed773789ed1f92ff2c53005ed7d33afe933d40d6718edfc40"
"7","Billings","BIL","game/assets/city-skylines/bil.webp","360","176","6a25e758be30f03964d978e9ebc5571c515e8daf082fc6161bef9d564b4e59cc"
"8","Birmingham","BHM","game/assets/city-skylines/bhm.webp","360","176","65dd24d60d5c189db5532772f329810332cf68f6a8cd2e7d3e294ed39b458e52"
"9","Bismarck","BIS","game/assets/city-skylines/bis.webp","360","176","8a7ff0d7330cacf2915e6a743906ecc8bc12e8e3cb75ec2b1d65fb39de329376"
"10","Boise","BOI","game/assets/city-skylines/boi.webp","360","176","00e991783c39a73ee0172a5b3879f56bf9a24f4a3b795cf7350d6fd6c6114373"
"11","Boston","BOS","game/assets/city-skylines/bos.webp","360","176","7ce9b6dee33b7c456e592c9812b11329d4fae23d7f715dd1f36d6b42df4d47af"
"12","Bozeman","BZN","game/assets/city-skylines/bzn.webp","360","176","44e87e6359042bf0b01a94d50316779c49ba0f2a31ddcda782854743b426fa5a"
"13","Calgary","YYC","game/assets/city-skylines/yyc.webp","360","176","a16f17371b1d2951469350f738f9404d521b339a28416963c6f45da8ab08f36e"
"14","Cancun","CUN","game/assets/city-skylines/cun.webp","360","176","69ff0194a1fa1d73006404e24c19b15df8ad92e9260634fa67a17302035d66df"
"15","Casper","CPR","game/assets/city-skylines/cpr.webp","360","176","35ca5455539f37042933f5cc8fd5b1b1a41ba12e478d83b6a007fa447e86e78a"
"16","Charleston SC","CHS","game/assets/city-skylines/chs.webp","360","176","aa57f2a02d320fbcbbe38b49e2d3c96de629ef0221c156f7250bd103ee90eeff"
"17","Charleston WV","CRW","game/assets/city-skylines/crw.webp","360","176","dbced3b2dfefbd6615eb6ed2d2f2e8b8927f881ef5c4853df841aa90f8acf9b0"
"18","Charlotte","CLT","game/assets/city-skylines/clt.webp","360","176","e0681181ab39a1520de0d090cecc4c6d967fdb90256f9167413414af42aa3760"
"19","Cheyenne","CYS","game/assets/city-skylines/cys.webp","360","176","a64e1af6f195796f3088d6a3875701874b719c74bc7e4f15e5993c0784b35e27"
"20","Chicago","ORD","game/assets/city-skylines/ord.webp","360","176","71004648b36827e460276732a80276678cf25edcdd5b4ab0eaf3a9a15638495b"
"21","Cincinnati","CVG","game/assets/city-skylines/cvg.webp","360","176","7dd4982cabfd1d7128c80422231bbd15d418ceecb1635ab3199759cd153f1922"
"22","Colorado Springs","COS","game/assets/city-skylines/cos.webp","360","176","0227957b9893c5f7f8a49dd66728d7f3bc769bd31b0fd3fc0a9e52e308d54ca6"
"23","Dallas","DFW","game/assets/city-skylines/dfw.webp","360","176","c6d2ca179e1dd7d75d726797b86177df6c1155061dc7e191058ef4088dac9d6d"
"24","Denver","DEN","game/assets/city-skylines/den.webp","360","176","750aa4a9cd38f2d8c1eb4ae7a2728ff493a13a988af2b8f2b167f1fb89fba7eb"
"25","Des Moines","DSM","game/assets/city-skylines/dsm.webp","360","176","b4376ab2e2ac879762a35c9fdd10102197a95c18006d26c5d8be015eb13a67db"
"26","Detroit","DTW","game/assets/city-skylines/dtw.webp","360","176","50f39346220df136e10230f0b525029f8f0bee07e7a6e062c9de35c62ad8ba82"
"27","Edmonton","YEG","game/assets/city-skylines/yeg.webp","360","176","1b792f5001298635769d8a63d666066ef46160a4a25e44901145e29770e709c9"
"28","El Paso","ELP","game/assets/city-skylines/elp.webp","360","176","12a35ce4c7f65b6d4d3cb86c51611d3980e5f3e507561f46d978d32d600a6099"
"29","Fairbanks","FAI","game/assets/city-skylines/fai.webp","360","176","a4e71886ea7eb7f02c3df69340d4be80851c838be2176d2a2cb187cd70d208e2"
"30","Fargo","FAR","game/assets/city-skylines/far.webp","360","176","9563d852c8a30fb65d64b1be897e705b9ac17aafb47192b8b3b90a8933f01b0a"
"31","Guadalajara","GDL","game/assets/city-skylines/gdl.webp","360","176","7a8cd93e325897a07e88dcbda2a9af9b66781406e56238f028c01153e90f4f4c"
"32","Guatemala City","GUA","game/assets/city-skylines/gua.webp","360","176","94c88da608581a9a43d752c5c3c34c63abe08e6dcbc3cc8c85f6364bb233fed7"
"33","Halifax","YHZ","game/assets/city-skylines/yhz.webp","360","176","b42df979024b3e417eb9ed5a8695d7a40ac8b47f8dd2d8d64ba4990f1cd5064e"
"34","Havana","HAV","game/assets/city-skylines/hav.webp","360","176","86d0fa47630e35184f4f743fb014597c1a2f52d0b201c7bd83c091aa5e2e6df4"
"35","Honolulu","HNL","game/assets/city-skylines/hnl.webp","360","176","9d4af00dab52c80c980a7fc72678ee877bea860ade2b74be3b49c464e4cbbf3b"
"36","Houston","IAH","game/assets/city-skylines/iah.webp","360","176","8ccb5413792efd5219f62a009de683cf6fffe1e6f2846357218c45daa4ff7d0a"
"37","Indianapolis","IND","game/assets/city-skylines/ind.webp","360","176","209a66727fadb7d9a81e1897041ac3b2c37212085924b780c57f7be6721b52be"
"38","Jackson Hole","JAC","game/assets/city-skylines/jac.webp","360","176","d573364c3095d2a6059d1c3e16bf691f8670e6a5ed06446e43c371efe0a947fc"
"39","Jackson MS","JAN","game/assets/city-skylines/jan.webp","360","176","d0f9fa2f6296699a8854a0cf912d40b7342f51080868eab6a2eb8db057d9618f"
"40","Kansas City","MCI","game/assets/city-skylines/mci.webp","360","176","a09266907da6c58fe412ad6c4eec9b2a41ca103cf380d2df579994a3f31e3343"
"41","Kingston","KIN","game/assets/city-skylines/kin.webp","360","176","2edaa63270c4ab896f2fa19289b1bc3cffb4437ef3a4a40899864c0e3c7d637f"
"42","Las Vegas","LAS","game/assets/city-skylines/las.webp","360","176","639771caae5827bb2cf9a7da40f8656e6bef74e35d6dfe418fe5665ebbf709b8"
"43","Little Rock","LIT","game/assets/city-skylines/lit.webp","360","176","cdb25967ef00ab10f6cb4a5257a2ed1d9bebcd8c8eabfc690b3ae64599005d0e"
"44","Los Angeles","LAX","game/assets/city-skylines/lax.webp","360","176","88c03adf4ab145536a9512779cf8765c2a1b170f8c28c2953ef277dbb414b666"
"45","Louisville","SDF","game/assets/city-skylines/sdf.webp","360","176","8425c1f594978399baf3ba719e25825345fbbeecb10cb65347d41163d2467943"
"46","Lubbock","LBB","game/assets/city-skylines/lbb.webp","360","176","617dc1fe3e8abc830564b6ffe4636eeb70ced3fb44c079b27e7aa736641fecb0"
"47","Managua","MGA","game/assets/city-skylines/mga.webp","360","176","700c02d78a558f2441acaf3da3ff46664250b8df935a4219d6068b35ff3ce8a0"
"48","Maui","OGG","game/assets/city-skylines/ogg.webp","360","176","b2a52781a471048fb4c3c6072527c47908b0d52aed55906823d61b7a1d61c50c"
"49","Miami","MIA","game/assets/city-skylines/mia.webp","360","176","6d000728fd822b1535ba625de8a37c1ff9e5d32e24ef0ee64068d6b08b56cdda"
"50","Milwaukee","MKE","game/assets/city-skylines/mke.webp","360","176","15f57e0ef4830fc0eadbbeb0f1039bedb2e3778125fcc033472369ada0c1623d"
"51","Minneapolis","MSP","game/assets/city-skylines/msp.webp","360","176","51faa07b0e7661bba7c2fd90454229b19c25d8db7184314da3fbda2d2ed4205d"
"52","Monterrey","MTY","game/assets/city-skylines/mty.webp","360","176","241b96dfe83b868c26dd3ee69d83fc692af4a7c227d4de7641814dc395d24a51"
"53","Montreal","YUL","game/assets/city-skylines/yul.webp","360","176","e3a4c0988626d7b8555564ebd2ee26d1cec1d8bbfb6a2f742d1731ccf3354d7c"
"54","Nashville","BNA","game/assets/city-skylines/bna.webp","360","176","0ca295f881914b5c9c81115b6a17fdbb83c65cd6c22e2283df36cc6f325d17e4"
"55","New Orleans","MSY","game/assets/city-skylines/msy.webp","360","176","fb418260ef8139570a1f2cc07014e23e64dc5e2335f1eb0b36bfc934483904be"
"56","New York","JFK","game/assets/city-skylines/jfk.webp","360","176","f131556690edf4cf2a500a608e22e3afd5bce7add67a27b6190df4ce1f9368b1"
"57","North Platte","LBF","game/assets/city-skylines/lbf.webp","360","176","9fe2f9835eacfc5ca5f7f39fc1fc2cedfca314f8b7b40cc7fd1eb595923fac01"
"58","Oklahoma City","OKC","game/assets/city-skylines/okc.webp","360","176","04ae39f6606a375102f0307a07b24f55b8e3d6fcbaad994997c2f084dfc6d487"
"59","Omaha","OMA","game/assets/city-skylines/oma.webp","360","176","1de6ce499e632211eaa13b1f388103fe72fade85a31b9e5d2794750a279338bf"
"60","Orlando","MCO","game/assets/city-skylines/mco.webp","360","176","cb4ab9868580ad1c63f728fe819adaaa619ddc1cd1730381ef20646fd906950d"
"61","Ottawa","YOW","game/assets/city-skylines/yow.webp","360","176","a6813fbecf536fd73891fd2ba26874871f127dc0ef42279b027cfcfdd5ed68ca"
"62","Panama City","PTY","game/assets/city-skylines/pty.webp","360","176","2892906687a8e2de915d837bdff5087ba917f90a995804775a8c8592f5795041"
"63","Philadelphia","PHL","game/assets/city-skylines/phl.webp","360","176","8bf3e8f0d375a1250e7a66723797f5d9265323e958a3507f27dca3e35c9a41a4"
"64","Phoenix","PHX","game/assets/city-skylines/phx.webp","360","176","0fc99ae8101c2019967f4801afca11055db3ea1c8c18e6ed3f36bec02ba31673"
"65","Pittsburgh","PIT","game/assets/city-skylines/pit.webp","360","176","edf4e0a73cf71e2adef8ba5b13bf6dbb13959cfa43b9c43f0c1e97974e2e4324"
"66","Port-au-Prince","PAP","game/assets/city-skylines/pap.webp","360","176","8d9b66da871f5218ad99b46358b43c6cef61b70b327847360de4c898a191ed96"
"67","Portland","PDX","game/assets/city-skylines/pdx.webp","360","176","3e914bddf3ea0e7a0cf08718d2b6d8df450c78945a0860d00ef95d9c3032f81e"
"68","Punta Cana","PUJ","game/assets/city-skylines/puj.webp","360","176","6658a47708508900ec53ebf5720c2e0d35c117adc62c6ab9c92283a2690aab00"
"69","Rapid City","RAP","game/assets/city-skylines/rap.webp","360","176","7810c265d2ce8e6dc1af204e133116839e1bd6897e5c2151ca01b6f6b7cf1278"
"70","Salt Lake City","SLC","game/assets/city-skylines/slc.webp","360","176","ac971f2c83ad49896c847859dd236ed8ea73a5c7cd3578fe2ff150feb23af6c8"
"71","San Antonio","SAT","game/assets/city-skylines/sat.webp","360","176","4bc4f1067bf665d95e043f531c5a2450f869d4fe3e6f13cd3301d769424213ad"
"72","San Diego","SAN","game/assets/city-skylines/san.webp","360","176","07abe684df72e28140ce82adc5f9f19181af746587906e0c536bc23c434e9383"
"73","San Francisco","SFO","game/assets/city-skylines/sfo.webp","360","176","641fee751c9b427305f00c62b563284959d66e892cd11d5d2c9e13e29fb17645"
"74","San Jose CR","SJO","game/assets/city-skylines/sjo.webp","360","176","463922ef2f29df62c061d52e3670b1c39ddf02bb7d5af60dbc6fedd20eb51a2e"
"75","San Juan PR","SJU","game/assets/city-skylines/sju.webp","360","176","cf79e63c9e9a9ba8ecb7e1f0d0620d64a20c563ade80cfc78ca208f99c654b4c"
"76","San Salvador","SAL","game/assets/city-skylines/sal.webp","360","176","bb2ad466efb0fa790a9af4aa99e5d0d7636bee35c8e8952f4796824f21243b6d"
"77","Santo Domingo","SDQ","game/assets/city-skylines/sdq.webp","360","176","3b0f13e9a361ea666887832e551ed1be11d153fcbfb62ab6a008bcbcc9497303"
"78","Seattle","SEA","game/assets/city-skylines/sea.webp","360","176","ed05bb2a233472df397ff2c22744332d4865b553a17345e01db2d38780d2e830"
"79","Sioux Falls","FSD","game/assets/city-skylines/fsd.webp","360","176","79dbe99a7a2a86b0dc664c0013d1f53db800a2e9e714d8d8f29483d6c03c49d1"
"80","St Louis","STL","game/assets/city-skylines/stl.webp","360","176","d77a8e6e9759bd73766f3bfc112a4f40195c61e88195544d7817ae9b374ecd90"
"81","Tampa","TPA","game/assets/city-skylines/tpa.webp","360","176","3ddaa5a49689b31386471c8df5b5b7d3e87f937c0f8bedacaf63a83b5ede9ffc"
"82","Tegucigalpa","SAP","game/assets/city-skylines/sap.webp","360","176","7a1d1efc0f043143cb22a2aedb2c04a147a938c7ba1edd8d4ac5b31210613814"
"83","Toronto","YYZ","game/assets/city-skylines/yyz.webp","360","176","59f6c44e9e43db97e57c95be75e435b1c30ad040b9015203cde8406d6eec2793"
"84","Tulsa","TUL","game/assets/city-skylines/tul.webp","360","176","057275997a8f58e718cf476f5c96a791d12586181604e5b24552d55677705a76"
"85","Vancouver","YVR","game/assets/city-skylines/yvr.webp","360","176","cf7bbc2098f9a11b925c9f4285d4068fe2dd7cb3cf363f5d1f9ad82cb630f9c1"
"86","Washington DC","IAD","game/assets/city-skylines/iad.webp","360","176","cd935d0c0e7d6e12865aa1079b85e5bf767a9214bf7d7f1ebea29a32174c80f0"
"87","Wichita","ICT","game/assets/city-skylines/ict.webp","360","176","806dfb2bd0c616cea2245029920281b6f547a3a62eff9aed1659525c97bdff8d"
"88","Winnipeg","YWG","game/assets/city-skylines/ywg.webp","360","176","b8e080b0947db28613a921ebf15ca3b563780f787d308ba46e0cd7c0080bcedb"
